benchmark,reward,walltime,commandline
benchmark://cBench-v0/adpcm,1.0082644628099175,3601.612588405609,opt -rpo-functionattrs -loop-simplifycfg -gvn-hoist -lower-expect -flattencfg -loop-deletion -cross-dso-cfi -callsite-splitting -instcombine -loop-vectorize -loop-reroll -loop-versioning -objc-arc-expand -aggressive-instcombine -alignment-from-assumptions -loop-versioning-licm -extract-blocks -lowerswitch -hotcoldsplit -partial-inliner -memcpyopt -loop-deletion -licm -instcombine -loop-unswitch -loop-fusion -lower-matrix-intrinsics -coro-split -inferattrs -indvars -indvars -forceattrs -mergereturn -canonicalize-aliases -prune-eh -extract-blocks -break-crit-edges -structurizecfg -inject-tli-mappings -instcombine -loop-predication -speculative-execution -loop-simplify -loop-reroll -mergeicmps -consthoist -elim-avail-extern -div-rem-pairs -nary-reassociate -objc-arc -objc-arc-apelim -inject-tli-mappings -gvn -infer-address-spaces -mem2reg -instsimplify -lower-matrix-intrinsics -constprop -loop-vectorize -die -cross-dso-cfi -globalsplit -simplifycfg -name-anon-globals -loweratomic -coro-cleanup -lower-guard-intrinsic -coro-cleanup -libcalls-shrinkwrap -jump-threading -speculative-execution -gvn-hoist -loop-fusion -inline -cross-dso-cfi -objc-arc-expand -loop-predication -inferattrs -instcombine -reassociate -constprop -instnamer -loop-unroll -gvn input.bc -o output.bc
benchmark://cBench-v0/bitcount,1.0197183098591551,3601.652058362961,opt -mldst-motion -ipconstprop -sancov -globalopt -globalopt -pgo-memop-opt -redundant-dbg-inst-elim -cross-dso-cfi -canonicalize-aliases -licm -libcalls-shrinkwrap -indvars -strip-dead-prototypes -name-anon-globals -loop-fusion -strip -loop-unroll -loop-load-elim -lower-guard-intrinsic -mergefunc -libcalls-shrinkwrap -functionattrs -constprop -loop-vectorize -reg2mem -rewrite-symbols -inline -loop-interchange -barrier -newgvn -loop-data-prefetch -loop-simplify -functionattrs -tailcallelim -add-discriminators -partially-inline-libcalls -separate-const-offset-from-gep -objc-arc-expand -flattencfg -strip -die -attributor -licm -newgvn -loop-instsimplify -inline -lower-widenable-condition -simplifycfg -lowerinvoke -inferattrs -loop-versioning -lower-widenable-condition -objc-arc-apelim -loop-unswitch -deadargelim -cross-dso-cfi -coro-early -mem2reg -gvn -partially-inline-libcalls -constmerge -flattencfg -coro-early -gvn -dse -rewrite-symbols -coro-split -lcssa -instcombine -lower-widenable-condition -inferattrs -separate-const-offset-from-gep -coro-elide -loop-data-prefetch -instsimplify -alignment-from-assumptions -argpromotion -instsimplify -canonicalize-aliases -lowerswitch -loop-data-prefetch -objc-arc-apelim -sancov -loop-unroll -div-rem-pairs -mem2reg -lower-widenable-condition -forceattrs -licm -loop-deletion -inline -deadargelim -loop-interchange -bounds-checking -early-cse-memssa -strip-dead-prototypes -div-rem-pairs -loop-reduce -mldst-motion -newgvn -jump-threading -loop-versioning-licm -mem2reg -lcssa -loop-reroll -ee-instrument -slp-vectorizer -gvn-hoist -hotcoldsplit -alignment-from-assumptions -bdce -redundant-dbg-inst-elim -reg2mem -pgo-memop-opt -slp-vectorizer -sink -speculative-execution -gvn -ipconstprop -forceattrs -separate-const-offset-from-gep -insert-gcov-profiling -coro-elide -break-crit-edges -sroa -instnamer -sink -insert-gcov-profiling -insert-gcov-profiling -coro-early -partially-inline-libcalls -early-cse-memssa -inject-tli-mappings -rewrite-symbols -canonicalize-aliases -inject-tli-mappings -rewrite-symbols -simplifycfg -early-cse-memssa -strip-dead-prototypes -div-rem-pairs -pgo-memop-opt -guard-widening -instnamer -add-discriminators -tailcallelim input.bc -o output.bc
benchmark://cBench-v0/blowfish,1.1004540295119178,3602.0615961551666,opt -sccp -strip-debug-declare -globalopt -post-inline-ee-instrument -gvn-hoist -lower-expect -bounds-checking -loop-data-prefetch -attributor -lowerinvoke -partially-inline-libcalls -mergefunc -ipsccp -gvn -memcpyopt -extract-blocks -mergeicmps -coro-cleanup -sroa -dse -hotcoldsplit -loop-versioning-licm -irce -licm -loop-instsimplify -rewrite-symbols -elim-avail-extern -lcssa -instcombine -inferattrs -sroa -alignment-from-assumptions -indvars -loop-unswitch -mergefunc -nary-reassociate -lowerinvoke -lower-guard-intrinsic -loop-vectorize -functionattrs -loop-unswitch -lowerinvoke -bounds-checking -loop-unswitch -lower-expect -mergefunc -simplifycfg -simple-loop-unswitch -loop-distribute -loop-fusion -rewrite-statepoints-for-gc -loop-data-prefetch -lower-guard-intrinsic -simple-loop-unswitch -functionattrs -sroa -adce -globalopt -coro-cleanup -instsimplify -rewrite-symbols -dse -alignment-from-assumptions -rewrite-symbols -loop-instsimplify -pgo-memop-opt -lower-constant-intrinsics -lower-guard-intrinsic -newgvn -div-rem-pairs -mem2reg -loop-idiom -mldst-motion -loop-predication -loop-simplifycfg -mergereturn -name-anon-globals -constprop -coro-cleanup -irce -instcombine -gvn -nary-reassociate -dse -strip -rewrite-symbols -elim-avail-extern -nary-reassociate -inferattrs -reassociate -jump-threading -globalopt -load-store-vectorizer -hotcoldsplit -early-cse-memssa -functionattrs -lower-constant-intrinsics -loop-instsimplify -insert-gcov-profiling -partially-inline-libcalls -lower-expect -prune-eh -inject-tli-mappings -alignment-from-assumptions -alignment-from-assumptions -indvars -argpromotion -loop-extract-single -loop-interchange -strip-debug-declare -objc-arc-expand -separate-const-offset-from-gep -sink -coro-early -sccp -guard-widening -slp-vectorizer -ipconstprop -inline -mldst-motion -add-discriminators -loop-fusion -name-anon-globals -strip-nondebug -inline -correlated-propagation -objc-arc-expand -lcssa -div-rem-pairs -sroa -aggressive-instcombine -adce -prune-eh -barrier -called-value-propagation -scalarizer -dse -barrier -separate-const-offset-from-gep -inferattrs -lcssa -prune-eh -indvars -loop-predication -scalarizer -loop-reroll -sink -cross-dso-cfi -slsr -redundant-dbg-inst-elim -always-inline -loop-idiom -guard-widening -dse -simple-loop-unswitch -break-crit-edges -loop-load-elim -aggressive-instcombine -rewrite-symbols -loop-deletion -coro-cleanup -dce -dce -aggressive-instcombine -loop-extract-single -loop-predication -jump-threading -strip -rpo-functionattrs -canonicalize-aliases -lcssa -mergefunc -globalsplit -instsimplify -add-discriminators -attributor -tailcallelim -dse -prune-eh -mldst-motion -ipsccp -div-rem-pairs -consthoist -ipconstprop -constmerge -partially-inline-libcalls -constprop -mergefunc -partial-inliner -sccp -gvn -memcpyopt -add-discriminators -lower-guard-intrinsic -simplifycfg -lower-guard-intrinsic -functionattrs -guard-widening -slp-vectorizer -guard-widening -loop-guard-widening -inject-tli-mappings -tailcallelim -inferattrs -mldst-motion -guard-widening -called-value-propagation -loop-load-elim -callsite-splitting -sroa -globalopt -bdce -ipsccp -redundant-dbg-inst-elim -instcombine -loweratomic -guard-widening -libcalls-shrinkwrap -libcalls-shrinkwrap -die -argpromotion -sancov -barrier -jump-threading input.bc -o output.bc
benchmark://cBench-v0/bzip2,1.1754615384615386,4061.483228445053,opt -globaldce -globaldce -canonicalize-aliases -load-store-vectorizer -coro-early -insert-gcov-profiling -sroa -lower-matrix-intrinsics -constmerge -rewrite-symbols -slp-vectorizer -insert-gcov-profiling -coro-early -inferattrs -objc-arc-contract -loop-deletion -structurizecfg -loop-guard-widening -rewrite-symbols -always-inline -slp-vectorizer -consthoist -flattencfg -prune-eh -rpo-functionattrs -irce -dce -functionattrs -aggressive-instcombine -gvn-hoist -instcombine -elim-avail-extern -jump-threading -loop-data-prefetch -tailcallelim -structurizecfg -mergeicmps -nary-reassociate -hotcoldsplit -argpromotion -hotcoldsplit -canonicalize-aliases -mergeicmps -instsimplify -always-inline -correlated-propagation -mldst-motion -loop-fusion -coro-elide -partial-inliner -memcpyopt -simple-loop-unswitch -deadargelim -break-crit-edges -loop-reroll -dse -strip-dead-prototypes -lower-constant-intrinsics -loop-guard-widening -mergeicmps -adce -loop-vectorize -jump-threading -hotcoldsplit -loop-idiom -die -ipconstprop -loop-fusion -rewrite-symbols -gvn -lower-widenable-condition -lower-widenable-condition -licm -constprop -consthoist -newgvn -constmerge -gvn -attributor -die -alignment-from-assumptions -loop-guard-widening -instsimplify -lower-matrix-intrinsics -ipconstprop -coro-split -loop-load-elim -simplifycfg -infer-address-spaces -dse -rewrite-statepoints-for-gc -globaldce input.bc -o output.bc
benchmark://cBench-v0/crc32,1.0000000000000007,3601.517324924469,opt -name-anon-globals -sink -loop-deletion -slsr -globalsplit -redundant-dbg-inst-elim -coro-split -inject-tli-mappings -loop-load-elim -lower-expect -irce -reassociate -libcalls-shrinkwrap -pgo-memop-opt -extract-blocks -strip-nondebug -sink -irce -aggressive-instcombine -objc-arc-expand -globalsplit -forceattrs -called-value-propagation -scalarizer -name-anon-globals -mergereturn -gvn -forceattrs -rpo-functionattrs -post-inline-ee-instrument -lowerswitch -loop-versioning-licm -dse -constmerge -lower-matrix-intrinsics -elim-avail-extern -strip-dead-prototypes -lowerswitch -mergereturn -consthoist -lower-matrix-intrinsics -redundant-dbg-inst-elim -insert-gcov-profiling -bdce -licm -called-value-propagation -lowerswitch -argpromotion -constmerge -gvn-hoist -nary-reassociate -name-anon-globals -ipsccp -consthoist -loop-distribute -aggressive-instcombine -simple-loop-unswitch -rewrite-statepoints-for-gc -loop-guard-widening -globalopt -reg2mem -partially-inline-libcalls -prune-eh -loop-unswitch -reg2mem -memcpyopt -newgvn -loop-versioning -lowerswitch -always-inline -constmerge -infer-address-spaces -objc-arc-apelim -partial-inliner -lower-constant-intrinsics -libcalls-shrinkwrap -scalarizer -structurizecfg -licm -adce -loop-reduce -tailcallelim -name-anon-globals -functionattrs -sancov -gvn-hoist -loop-fusion -lowerswitch -loop-load-elim -partial-inliner -partial-inliner -load-store-vectorizer -always-inline -licm -sroa -callsite-splitting -lower-guard-intrinsic -consthoist -lower-matrix-intrinsics -objc-arc-expand -jump-threading -slsr -attributor -simple-loop-unswitch -sroa -instsimplify -loop-deletion -loop-unroll -die -strip-dead-prototypes -loweratomic -separate-const-offset-from-gep -loop-unroll-and-jam -canonicalize-aliases -loop-guard-widening -loop-guard-widening -sancov -lower-widenable-condition -instcombine -libcalls-shrinkwrap -early-cse-memssa -coro-early -coro-elide -simplifycfg input.bc -o output.bc
benchmark://cBench-v0/dijkstra,1.0387096774193552,3601.619310617447,opt -callsite-splitting -loop-vectorize -deadargelim -early-cse-memssa -loop-unroll-and-jam -lower-constant-intrinsics -mem2reg -flattencfg -break-crit-edges -always-inline -globalsplit -loop-predication -memcpyopt -constmerge -alignment-from-assumptions -nary-reassociate -loop-reroll -deadargelim -attributor -memcpyopt -instsimplify -sancov -nary-reassociate -argpromotion -adce -lower-expect -loop-deletion -loop-sink -adce -dse -strip -mergefunc -loop-sink -loop-reduce -guard-widening -nary-reassociate -simple-loop-unswitch -loop-reroll -post-inline-ee-instrument -reassociate -loop-fusion -constprop -irce -dce -coro-split -irce -loop-reduce -sccp -separate-const-offset-from-gep -loop-unroll -simplifycfg -bounds-checking -loop-unswitch -globalsplit -loop-versioning -libcalls-shrinkwrap -strip-dead-prototypes -speculative-execution -gvn-hoist -canonicalize-aliases -add-discriminators -jump-threading -extract-blocks -rewrite-statepoints-for-gc -deadargelim -constprop -lower-widenable-condition -dse -constprop -instsimplify -slp-vectorizer -coro-cleanup -rpo-functionattrs -strip-dead-prototypes -objc-arc -load-store-vectorizer -loweratomic -mldst-motion -separate-const-offset-from-gep -inferattrs -loop-predication -instcombine -objc-arc-expand -loop-data-prefetch -loop-distribute -loop-unroll-and-jam -rewrite-symbols -lower-expect -lowerswitch -loop-versioning-licm -globaldce -extract-blocks -strip-dead-prototypes -separate-const-offset-from-gep -scalarizer -strip-dead-prototypes -objc-arc-apelim -loop-predication -elim-avail-extern -div-rem-pairs -post-inline-ee-instrument -cross-dso-cfi -loop-load-elim -loop-reduce -flattencfg -strip -constmerge -globaldce -insert-gcov-profiling -dse -load-store-vectorizer -loop-unroll -break-crit-edges -simplifycfg -insert-gcov-profiling -ee-instrument -pgo-memop-opt -lower-guard-intrinsic -early-cse-memssa -partial-inliner -alignment-from-assumptions -loop-data-prefetch -instcombine -lower-guard-intrinsic -newgvn input.bc -o output.bc
benchmark://cBench-v0/ghostscript,1.0348830398457927,3872.791451215744,opt -elim-avail-extern -objc-arc-contract -partially-inline-libcalls -speculative-execution -constmerge -forceattrs -objc-arc-apelim -coro-cleanup -deadargelim -loop-simplifycfg -elim-avail-extern -gvn -constprop -loop-deletion -sancov -mergereturn -dse -strip-nondebug -libcalls-shrinkwrap -post-inline-ee-instrument -sink -loop-load-elim -mem2reg -gvn-hoist -ipsccp -hotcoldsplit -loop-unswitch -inferattrs -sancov -attributor -prune-eh -libcalls-shrinkwrap -sroa -consthoist -loop-guard-widening -dce -lower-constant-intrinsics -lower-guard-intrinsic -adce -globalsplit -loop-extract-single -ee-instrument -consthoist -sroa -instsimplify -loop-simplifycfg -lower-guard-intrinsic -indvars -gvn-hoist -elim-avail-extern -hotcoldsplit -mldst-motion -loop-unroll-and-jam -alignment-from-assumptions -gvn -coro-early -mergefunc -objc-arc-expand -pgo-memop-opt -consthoist -nary-reassociate -licm -inline -lcssa -scalarizer -structurizecfg -slp-vectorizer -loop-reduce -die -globaldce -sancov -die -adce -ipconstprop -scalarizer -early-cse-memssa -partial-inliner -inject-tli-mappings -constmerge -instcombine -mergeicmps -instcombine -newgvn -sroa -loop-vectorize -insert-gcov-profiling -mergeicmps -instsimplify -jump-threading -attributor -loop-distribute -indvars -mergeicmps -called-value-propagation -loop-interchange -barrier -globalopt -loop-deletion -separate-const-offset-from-gep -lower-expect -loop-simplify -loop-distribute -sancov -loop-load-elim -objc-arc-apelim -licm -mldst-motion -loop-versioning-licm -rewrite-symbols -newgvn -canonicalize-aliases -coro-early -loop-guard-widening -gvn -loop-fusion -pgo-memop-opt -loop-simplify -hotcoldsplit -memcpyopt -newgvn -loop-load-elim -licm -instcombine -coro-split -ipsccp -inferattrs -mergeicmps -ipsccp -loop-predication -sink -loop-unroll -reassociate -loop-simplifycfg -hotcoldsplit -loop-load-elim -loop-versioning -loop-unroll -mergefunc -irce -loop-fusion -float2int -licm -name-anon-globals -loop-extract-single -dce -licm -libcalls-shrinkwrap -lower-widenable-condition -mergefunc -elim-avail-extern -slp-vectorizer -die -argpromotion -inline -constprop -loweratomic -argpromotion -reassociate -elim-avail-extern -argpromotion -instsimplify -die -loop-unroll-and-jam -adce -early-cse-memssa -jump-threading -loop-extract-single -jump-threading -scalarizer -argpromotion -coro-early -post-inline-ee-instrument -hotcoldsplit -inline -loop-fusion -loop-reroll -consthoist -canonicalize-aliases -loop-predication -loop-data-prefetch -simplifycfg -rewrite-symbols -inline -jump-threading -bdce -mem2reg -loop-idiom -insert-gcov-profiling -lower-widenable-condition -lower-guard-intrinsic -instcombine input.bc -o output.bc
benchmark://cBench-v0/gsm,1.1434053439454235,3603.2004692554474,opt -float2int -rewrite-symbols -consthoist -mergefunc -loop-unroll-and-jam -reassociate -prune-eh -reassociate -objc-arc-expand -sroa -called-value-propagation -called-value-propagation -instcombine -loop-fusion -globalsplit -simplifycfg -nary-reassociate -always-inline -strip -early-cse-memssa -dce -sancov -deadargelim -loop-unswitch -objc-arc-apelim -tailcallelim -gvn-hoist -separate-const-offset-from-gep -correlated-propagation -newgvn -load-store-vectorizer -callsite-splitting -cross-dso-cfi -callsite-splitting -loop-sink -loop-reroll -rpo-functionattrs -redundant-dbg-inst-elim -inject-tli-mappings -float2int -jump-threading -inline -loop-load-elim -consthoist -lower-constant-intrinsics -scalarizer -mergefunc -rpo-functionattrs -objc-arc -sink -strip-nondebug -extract-blocks -speculative-execution -inferattrs -loop-instsimplify -loop-data-prefetch -mldst-motion -loop-data-prefetch -loweratomic -rewrite-statepoints-for-gc -redundant-dbg-inst-elim -loop-simplifycfg -lower-expect -mergefunc -name-anon-globals -float2int -slp-vectorizer -loop-rotate -cross-dso-cfi -lower-guard-intrinsic -constmerge -ipsccp -rewrite-statepoints-for-gc -instcombine -forceattrs -instsimplify -newgvn input.bc -o output.bc
benchmark://cBench-v0/ispell,1.2948267202410844,3881.1538739204407,opt -mergefunc -loop-predication -loop-predication -insert-gcov-profiling -loop-unroll-and-jam -gvn -loop-reduce -lower-matrix-intrinsics -aggressive-instcombine -reassociate -canonicalize-aliases -lcssa -licm -loop-distribute -structurizecfg -bdce -loop-versioning -post-inline-ee-instrument -infer-address-spaces -globaldce -sccp -guard-widening -coro-elide -slsr -sroa -adce -instcombine -forceattrs -inject-tli-mappings -adce -loop-distribute -elim-avail-extern -name-anon-globals -loop-vectorize -functionattrs -early-cse-memssa -strip-nondebug -load-store-vectorizer -loop-distribute -nary-reassociate -coro-elide -cross-dso-cfi -deadargelim -consthoist -correlated-propagation -loop-vectorize -ee-instrument -gvn -loop-fusion -correlated-propagation -separate-const-offset-from-gep -guard-widening -jump-threading -irce -attributor -reg2mem -ipconstprop -mem2reg -objc-arc -loop-vectorize -structurizecfg -called-value-propagation -structurizecfg -consthoist -inline -post-inline-ee-instrument -instcombine -deadargelim -globaldce -bdce -mergefunc -loop-load-elim -separate-const-offset-from-gep -attributor -jump-threading -rewrite-statepoints-for-gc -mldst-motion -objc-arc-contract -loop-distribute -sink -div-rem-pairs -loop-unroll -extract-blocks -loop-guard-widening -loop-instsimplify -mergeicmps -libcalls-shrinkwrap -sink -prune-eh -hotcoldsplit -jump-threading -loop-instsimplify -globaldce -coro-early -functionattrs -early-cse-memssa -jump-threading -attributor -sink -ipsccp -libcalls-shrinkwrap -gvn-hoist -ipsccp -pgo-memop-opt -called-value-propagation -tailcallelim -instsimplify -bdce -newgvn -cross-dso-cfi -slp-vectorizer input.bc -o output.bc
benchmark://cBench-v0/jpeg-c,1.0589540905727974,3617.5220975875854,opt -elim-avail-extern -lower-widenable-condition -aggressive-instcombine -simple-loop-unswitch -constmerge -dce -objc-arc-contract -globalopt -hotcoldsplit -inject-tli-mappings -structurizecfg -partial-inliner -lower-matrix-intrinsics -callsite-splitting -adce -break-crit-edges -rpo-functionattrs -loop-interchange -instnamer -always-inline -globaldce -mergefunc -loop-sink -loop-predication -indvars -forceattrs -constmerge -dse -partially-inline-libcalls -nary-reassociate -scalarizer -lower-expect -loop-unswitch -rpo-functionattrs -lower-widenable-condition -indvars -loop-vectorize -licm -coro-early -loweratomic -loop-distribute -loop-versioning-licm -lowerswitch -instnamer -instsimplify -loop-fusion -strip-debug-declare -rpo-functionattrs -barrier -coro-elide -canonicalize-aliases -loop-versioning-licm -loop-reduce -lower-guard-intrinsic -jump-threading -rpo-functionattrs -called-value-propagation -slsr -functionattrs -deadargelim -objc-arc -load-store-vectorizer -libcalls-shrinkwrap -loop-versioning -adce -globalopt -alignment-from-assumptions -sroa -extract-blocks -loop-reroll -strip -attributor -reg2mem -ipsccp -elim-avail-extern -strip-dead-prototypes -tailcallelim -break-crit-edges -loop-predication -lower-guard-intrinsic -slp-vectorizer -break-crit-edges -lower-constant-intrinsics -loop-idiom -sroa -structurizecfg -coro-split -loop-vectorize -objc-arc-expand -argpromotion -argpromotion -loop-versioning -speculative-execution -loop-idiom -mergeicmps -infer-address-spaces -indvars -strip-dead-prototypes -speculative-execution -mergereturn -rewrite-statepoints-for-gc -elim-avail-extern -gvn-hoist -loop-sink -sccp -rewrite-symbols -div-rem-pairs -flattencfg -dse -cross-dso-cfi -lower-guard-intrinsic -loop-instsimplify -loop-reroll -lower-matrix-intrinsics -loop-rotate -libcalls-shrinkwrap -inject-tli-mappings -mergefunc -loop-unroll-and-jam -rewrite-symbols -indvars -loop-simplify -inline -instcombine -mergereturn -separate-const-offset-from-gep -strip-nondebug -globalopt -rpo-functionattrs -attributor -newgvn -lowerswitch -die -lower-constant-intrinsics -canonicalize-aliases -jump-threading -lower-constant-intrinsics -prune-eh -pgo-memop-opt -coro-split -canonicalize-aliases -globaldce -newgvn -redundant-dbg-inst-elim -sroa -sink -float2int -loop-sink -strip-dead-prototypes -loop-vectorize -alignment-from-assumptions -speculative-execution -hotcoldsplit -dse -tailcallelim -objc-arc -rpo-functionattrs -lcssa -coro-cleanup -partially-inline-libcalls -instnamer -coro-split -attributor -sccp -irce -add-discriminators -partial-inliner -objc-arc-expand -loop-sink -dce -loop-guard-widening -ee-instrument -name-anon-globals -lower-guard-intrinsic -globaldce -mergefunc -strip-debug-declare -load-store-vectorizer -simplifycfg -coro-early -licm -post-inline-ee-instrument -functionattrs -loop-guard-widening -mergereturn -simplifycfg -licm -loop-instsimplify -loop-simplify -loop-data-prefetch -argpromotion -pgo-memop-opt -strip-debug-declare -memcpyopt -mergereturn -bdce -instsimplify -slsr input.bc -o output.bc
benchmark://cBench-v0/jpeg-d,1.0574897483315913,3826.6522834300995,opt -loop-unroll-and-jam -loop-versioning-licm -loop-unroll -strip-debug-declare -loweratomic -loop-guard-widening -structurizecfg -guard-widening -loop-data-prefetch -inline -loop-fusion -load-store-vectorizer -loop-unroll -coro-early -loop-predication -rewrite-statepoints-for-gc -coro-early -strip-dead-prototypes -objc-arc-expand -inject-tli-mappings -rpo-functionattrs -correlated-propagation -lowerinvoke -coro-split -jump-threading -loop-unswitch -break-crit-edges -globalopt -argpromotion -div-rem-pairs -loop-reroll -loweratomic -loop-guard-widening -deadargelim -bdce -strip-nondebug -lower-guard-intrinsic -loop-versioning -load-store-vectorizer -objc-arc-contract -mergeicmps -early-cse-memssa -lower-constant-intrinsics -licm -strip-debug-declare -coro-elide -argpromotion -libcalls-shrinkwrap -inferattrs -inject-tli-mappings -sroa -loop-load-elim -lcssa -argpromotion -hotcoldsplit -loweratomic -float2int -rpo-functionattrs -gvn-hoist -loop-unroll-and-jam -early-cse-memssa -globaldce -mem2reg -argpromotion -structurizecfg -libcalls-shrinkwrap -loop-reduce -sccp -simple-loop-unswitch -objc-arc-apelim -globalsplit -coro-early -loop-versioning-licm -elim-avail-extern -loop-simplifycfg -memcpyopt -memcpyopt -float2int -objc-arc -inline -barrier -pgo-memop-opt -flattencfg -flattencfg -loop-reroll -gvn-hoist -coro-cleanup -loop-simplifycfg -lower-expect -add-discriminators -strip -globalopt -loop-unroll -reassociate -lcssa -objc-arc-expand -dce -pgo-memop-opt -loop-versioning -loop-reroll -break-crit-edges -sink -loop-interchange -jump-threading -loop-extract-single -forceattrs -instnamer -speculative-execution -mergefunc -ee-instrument -objc-arc-apelim -barrier -simplifycfg -instsimplify -mldst-motion -barrier -sroa -constmerge -loop-distribute -elim-avail-extern -simplifycfg -strip -adce -rewrite-statepoints-for-gc -flattencfg -dse -loop-deletion -scalarizer -called-value-propagation -canonicalize-aliases -strip-dead-prototypes -instcombine -jump-threading input.bc -o output.bc
benchmark://cBench-v0/lame,1.0991168282614954,3648.0188794136047,opt -lowerswitch -rpo-functionattrs -globalsplit -redundant-dbg-inst-elim -loop-sink -inferattrs -aggressive-instcombine -strip-dead-prototypes -separate-const-offset-from-gep -objc-arc-contract -loop-reroll -mergefunc -add-discriminators -indvars -loop-vectorize -infer-address-spaces -tailcallelim -div-rem-pairs -objc-arc-apelim -dce -loop-unswitch -ipsccp -sccp -loop-simplifycfg -memcpyopt -sink -barrier -libcalls-shrinkwrap -ee-instrument -tailcallelim -div-rem-pairs -globalopt -canonicalize-aliases -loop-data-prefetch -loop-instsimplify -loop-interchange -partial-inliner -ee-instrument -dse -lower-widenable-condition -constprop -jump-threading -strip -sccp -nary-reassociate -objc-arc -insert-gcov-profiling -reg2mem -loop-unswitch -coro-elide -loop-versioning -hotcoldsplit -instnamer -speculative-execution -sccp -gvn-hoist -inline -tailcallelim -rpo-functionattrs -cross-dso-cfi -separate-const-offset-from-gep -loop-unswitch -ee-instrument -indvars -objc-arc-contract -irce -always-inline -insert-gcov-profiling -mem2reg -aggressive-instcombine -strip-nondebug -instcombine -loop-deletion -elim-avail-extern -loop-distribute -rewrite-symbols -early-cse-memssa -die -name-anon-globals -loop-simplifycfg -globaldce -aggressive-instcombine -licm -sancov -instcombine -libcalls-shrinkwrap -loop-predication -loop-load-elim -hotcoldsplit -lcssa -consthoist -loop-instsimplify -speculative-execution -constprop -sccp -instcombine -loop-load-elim -rpo-functionattrs -alignment-from-assumptions -simplifycfg -partial-inliner -div-rem-pairs -speculative-execution -tailcallelim -die -loop-fusion -simplifycfg -adce -canonicalize-aliases -canonicalize-aliases -lower-widenable-condition -lower-expect -dse -argpromotion -infer-address-spaces -newgvn -aggressive-instcombine -tailcallelim -argpromotion -alignment-from-assumptions -add-discriminators -rewrite-statepoints-for-gc -add-discriminators -nary-reassociate input.bc -o output.bc
benchmark://cBench-v0/patricia,0.9987212276214834,3601.5526189804077,opt -inferattrs -argpromotion -nary-reassociate -ee-instrument -bdce -guard-widening -nary-reassociate -redundant-dbg-inst-elim -correlated-propagation -deadargelim -gvn -objc-arc -rewrite-symbols -licm -newgvn -mergeicmps -instsimplify -lowerswitch -coro-cleanup -newgvn -nary-reassociate -insert-gcov-profiling -consthoist -instcombine -lower-matrix-intrinsics -slp-vectorizer -instnamer -argpromotion -lower-widenable-condition -loop-vectorize -prune-eh -canonicalize-aliases -forceattrs -coro-elide -memcpyopt -loop-instsimplify -globalopt -rpo-functionattrs -loop-idiom -partially-inline-libcalls -consthoist -loop-unroll-and-jam -ipsccp -loop-simplifycfg -constmerge -loop-guard-widening -div-rem-pairs -partially-inline-libcalls -loop-data-prefetch -alignment-from-assumptions -irce -strip-debug-declare -sroa -newgvn -gvn-hoist -mem2reg -extract-blocks -ipconstprop -licm -functionattrs -licm -redundant-dbg-inst-elim -post-inline-ee-instrument -loop-unroll -constmerge -globalsplit -simplifycfg -insert-gcov-profiling -pgo-memop-opt -loop-data-prefetch -bdce -coro-early -separate-const-offset-from-gep -loop-data-prefetch -strip-dead-prototypes -inject-tli-mappings -gvn-hoist -globaldce -float2int -newgvn input.bc -o output.bc
benchmark://cBench-v0/qsort,1.0218978102189782,3601.711273908615,opt -lcssa -inline -coro-cleanup -coro-split -guard-widening -pgo-memop-opt -inject-tli-mappings -lowerswitch -mem2reg -div-rem-pairs -gvn-hoist -objc-arc-contract -coro-split -aggressive-instcombine -memcpyopt -pgo-memop-opt -gvn -lowerswitch -instcombine -strip -mldst-motion -simplifycfg input.bc -o output.bc
benchmark://cBench-v0/rijndael,1.1151767151767156,3602.011298894882,opt -sroa -adce -strip-debug-declare -strip-debug-declare -objc-arc-apelim -instnamer -ee-instrument -memcpyopt -rewrite-symbols -lower-expect -loop-interchange -objc-arc-apelim -loop-distribute -guard-widening -objc-arc-contract -gvn-hoist -rewrite-statepoints-for-gc -libcalls-shrinkwrap -deadargelim -memcpyopt -ipsccp -reassociate -reassociate -float2int -lcssa -loop-interchange -inject-tli-mappings -argpromotion -memcpyopt -slp-vectorizer -ee-instrument -libcalls-shrinkwrap -strip-debug-declare -loop-unroll-and-jam -dce -lower-matrix-intrinsics -loop-unswitch -globalopt -correlated-propagation -lower-expect -coro-cleanup -mergeicmps -callsite-splitting -prune-eh -inferattrs -loop-versioning -add-discriminators -slp-vectorizer -lower-expect -lower-constant-intrinsics -sccp -called-value-propagation -functionattrs -loop-unroll-and-jam -newgvn -sroa -loop-unswitch -coro-cleanup -lower-widenable-condition -ee-instrument -alignment-from-assumptions -speculative-execution -objc-arc-contract -deadargelim -loop-simplifycfg -prune-eh -gvn-hoist -constprop -mem2reg -partial-inliner -canonicalize-aliases -simplifycfg -attributor -objc-arc-apelim -instcombine -aggressive-instcombine -instsimplify -ipconstprop -gvn-hoist -ipsccp -mldst-motion -jump-threading input.bc -o output.bc
benchmark://cBench-v0/sha,1.6340425531914895,3601.6284120082855,opt -consthoist -loop-predication -loop-unswitch -loop-unroll -objc-arc-apelim -loop-guard-widening -mergereturn -speculative-execution -pgo-memop-opt -mergefunc -bounds-checking -aggressive-instcombine -partial-inliner -mldst-motion -guard-widening -dse -loop-simplify -flattencfg -coro-elide -loop-unroll -globaldce -callsite-splitting -loop-deletion -slsr -loop-versioning-licm -loop-reroll -objc-arc-expand -prune-eh -attributor -dse -early-cse-memssa -gvn -insert-gcov-profiling -ipconstprop -globaldce -globalopt -loop-versioning -float2int -partially-inline-libcalls -strip-nondebug -dce -post-inline-ee-instrument -globalopt -always-inline -constprop -hotcoldsplit -globaldce -rpo-functionattrs -mergereturn -load-store-vectorizer -aggressive-instcombine -callsite-splitting -inline -reassociate -objc-arc-contract -argpromotion -guard-widening -guard-widening -simplifycfg -slsr -add-discriminators -instsimplify -loop-vectorize -strip -loop-predication -ipconstprop -elim-avail-extern -mldst-motion -loop-versioning -rewrite-symbols -simple-loop-unswitch -lcssa -coro-elide -redundant-dbg-inst-elim -aggressive-instcombine -elim-avail-extern -rpo-functionattrs -rewrite-statepoints-for-gc -loop-load-elim -cross-dso-cfi -loop-versioning -strip -argpromotion -coro-early -loop-load-elim -simple-loop-unswitch -memcpyopt -dce -prune-eh -always-inline -inline -partially-inline-libcalls -correlated-propagation -barrier -die -lower-guard-intrinsic -irce -constmerge -loop-fusion -strip -insert-gcov-profiling -callsite-splitting -memcpyopt -instcombine -newgvn -loop-vectorize -rpo-functionattrs -barrier -sccp -instsimplify -loop-instsimplify -extract-blocks -functionattrs -indvars -lowerinvoke -nary-reassociate -functionattrs -loop-interchange -sroa -sccp -newgvn -post-inline-ee-instrument -functionattrs -simplifycfg input.bc -o output.bc
benchmark://cBench-v0/stringsearch,1.2208588957055215,3601.5641775131226,opt -constmerge -guard-widening -die -dse -loop-deletion -attributor -elim-avail-extern -loop-versioning -adce -adce -instsimplify -loop-interchange -callsite-splitting -inferattrs -loop-versioning-licm -lower-expect -hotcoldsplit -pgo-memop-opt -partial-inliner -loop-reduce -lower-expect -loop-reroll -gvn -extract-blocks -structurizecfg -loop-unroll-and-jam -barrier -sccp -add-discriminators -jump-threading -coro-cleanup -ee-instrument -float2int -ipconstprop -loop-fusion -flattencfg -libcalls-shrinkwrap -canonicalize-aliases -partially-inline-libcalls -always-inline -structurizecfg -deadargelim -mem2reg -mergeicmps -objc-arc-contract -ipsccp -cross-dso-cfi -globalopt -barrier -ipsccp -instcombine -irce -sink -reg2mem -argpromotion -alignment-from-assumptions -prune-eh -forceattrs -load-store-vectorizer -loop-reroll -post-inline-ee-instrument -strip-debug-declare -rpo-functionattrs -infer-address-spaces -inferattrs -partially-inline-libcalls -die -partially-inline-libcalls -aggressive-instcombine -loop-reroll -simple-loop-unswitch -tailcallelim -early-cse-memssa -mem2reg -callsite-splitting -partially-inline-libcalls -barrier -slp-vectorizer -reassociate -rpo-functionattrs -div-rem-pairs -scalarizer -coro-cleanup -strip-dead-prototypes -loop-predication -gvn -div-rem-pairs -hotcoldsplit -irce -gvn -globalsplit -mergeicmps -always-inline -strip-debug-declare -bdce -hotcoldsplit -loop-reduce -memcpyopt -coro-early -jump-threading -lowerswitch -loop-versioning -redundant-dbg-inst-elim -coro-elide -aggressive-instcombine -canonicalize-aliases -lowerinvoke -globalopt -instnamer -sancov -gvn -objc-arc-apelim -alignment-from-assumptions -coro-early -separate-const-offset-from-gep -div-rem-pairs -elim-avail-extern -objc-arc-expand -inline -loop-sink -loop-versioning-licm -attributor -coro-cleanup -slp-vectorizer -rpo-functionattrs -lower-guard-intrinsic -loop-reroll -globaldce -loweratomic -slsr -speculative-execution -consthoist -loop-deletion -elim-avail-extern -correlated-propagation -aggressive-instcombine -lower-expect -canonicalize-aliases -aggressive-instcombine -prune-eh -irce -functionattrs -loop-instsimplify -speculative-execution -speculative-execution -lowerinvoke -loop-sink -simplifycfg -loop-reroll -reassociate -infer-address-spaces -loop-deletion -post-inline-ee-instrument -irce -lowerswitch -lowerinvoke -globalsplit -loop-instsimplify -loop-instsimplify -attributor -instsimplify -loop-fusion -slsr -objc-arc-apelim -constprop -loop-versioning-licm -newgvn input.bc -o output.bc
benchmark://cBench-v0/stringsearch2,0.9948453608247424,3601.525088071823,opt -partially-inline-libcalls -reg2mem -infer-address-spaces -insert-gcov-profiling -loop-reduce -alignment-from-assumptions -lower-guard-intrinsic -inline -newgvn -loop-unswitch -objc-arc-apelim -strip-debug-declare -separate-const-offset-from-gep -name-anon-globals -coro-early -loop-unroll-and-jam -instcombine -ee-instrument -sroa -div-rem-pairs -load-store-vectorizer -constmerge -slp-vectorizer -sancov -die -strip-nondebug -speculative-execution -early-cse-memssa -called-value-propagation -partial-inliner -lcssa -mem2reg -loop-reroll -loop-distribute -canonicalize-aliases -partial-inliner -aggressive-instcombine -load-store-vectorizer -inferattrs -forceattrs -constprop -indvars -infer-address-spaces -globalopt -lowerswitch -mergefunc -objc-arc -jump-threading -break-crit-edges -loop-predication -loop-predication -loop-sink -simplifycfg -instsimplify -strip -lower-widenable-condition -dse -rpo-functionattrs -rpo-functionattrs -lower-matrix-intrinsics -early-cse-memssa input.bc -o output.bc
benchmark://cBench-v0/susan,1.0570441988950277,3603.3166468143463,opt -coro-elide -loweratomic -canonicalize-aliases -jump-threading -functionattrs -extract-blocks -gvn-hoist -canonicalize-aliases -adce -loop-idiom -sancov -loop-deletion -always-inline -flattencfg -extract-blocks -lowerinvoke -always-inline -rewrite-symbols -tailcallelim -constmerge -cross-dso-cfi -objc-arc -loop-idiom -redundant-dbg-inst-elim -slp-vectorizer -bdce -globaldce -slp-vectorizer -sancov -tailcallelim -strip -called-value-propagation -separate-const-offset-from-gep -licm -name-anon-globals -rewrite-statepoints-for-gc -loop-vectorize -mergeicmps -coro-split -instcombine -globaldce -loop-deletion -licm -sroa -sink -mergereturn -loop-load-elim -correlated-propagation -pgo-memop-opt -nary-reassociate -bounds-checking -constmerge -lower-widenable-condition -sccp -inject-tli-mappings -strip-dead-prototypes -jump-threading -barrier -loop-simplify -loop-fusion -separate-const-offset-from-gep -deadargelim -loop-distribute -prune-eh -loop-distribute -reg2mem -functionattrs -infer-address-spaces -simple-loop-unswitch -callsite-splitting -rewrite-statepoints-for-gc -argpromotion -elim-avail-extern -coro-elide -guard-widening -lower-widenable-condition -libcalls-shrinkwrap -coro-split -consthoist -gvn -correlated-propagation -constmerge -guard-widening -coro-elide -dce -libcalls-shrinkwrap -rpo-functionattrs -flattencfg -nary-reassociate -objc-arc-contract -ee-instrument -lowerinvoke -bdce -rpo-functionattrs -inline -called-value-propagation -instcombine -ee-instrument -loop-fusion -rpo-functionattrs -add-discriminators -loop-extract-single -sroa -strip-dead-prototypes -objc-arc -newgvn -coro-early -slp-vectorizer -coro-early -barrier -separate-const-offset-from-gep -loop-simplifycfg -instsimplify -insert-gcov-profiling -loop-data-prefetch -simplifycfg input.bc -o output.bc
benchmark://cBench-v0/tiff2bw,1.1117353308364544,3962.9148437976837,opt -adce -scalarizer -lower-matrix-intrinsics -elim-avail-extern -redundant-dbg-inst-elim -structurizecfg -loop-distribute -reg2mem -hotcoldsplit -memcpyopt -partially-inline-libcalls -inferattrs -extract-blocks -reg2mem -redundant-dbg-inst-elim -objc-arc-expand -loweratomic -loop-sink -infer-address-spaces -rewrite-statepoints-for-gc -loop-predication -scalarizer -reg2mem -extract-blocks -loop-deletion -break-crit-edges -float2int -sroa -lowerinvoke -strip-debug-declare -loop-interchange -instsimplify -lower-matrix-intrinsics -licm -bounds-checking -elim-avail-extern -rewrite-statepoints-for-gc -always-inline -inferattrs -loop-guard-widening -lowerswitch -loop-unroll-and-jam -nary-reassociate -coro-split -objc-arc-expand -rewrite-symbols -aggressive-instcombine -tailcallelim -partial-inliner -correlated-propagation -callsite-splitting -ipsccp -globalsplit -newgvn -globalopt -elim-avail-extern -slp-vectorizer -loop-idiom -coro-split -globaldce -float2int -callsite-splitting -strip-nondebug -sroa -libcalls-shrinkwrap -correlated-propagation -jump-threading -objc-arc-apelim -sancov -constprop -sancov -speculative-execution -insert-gcov-profiling -licm -separate-const-offset-from-gep -dse -ipsccp -loop-sink -die -sink -coro-early -partially-inline-libcalls -insert-gcov-profiling -adce -partial-inliner -objc-arc-apelim -loop-guard-widening -argpromotion -nary-reassociate -loop-versioning-licm -strip-nondebug -slp-vectorizer -lower-widenable-condition -adce -licm -loop-versioning -objc-arc -bounds-checking -instnamer -canonicalize-aliases -globalopt -deadargelim -loop-deletion -sccp -loweratomic -correlated-propagation -adce -loop-instsimplify -lower-expect -loop-interchange -deadargelim -consthoist -adce -instsimplify -ipconstprop -coro-cleanup -lower-expect -jump-threading -globaldce -hotcoldsplit -loop-sink -globaldce -instnamer -cross-dso-cfi -alignment-from-assumptions -loop-idiom -called-value-propagation -instcombine -loop-vectorize -rewrite-symbols -loop-extract-single -mem2reg -lowerswitch -canonicalize-aliases -separate-const-offset-from-gep -lowerswitch -consthoist -libcalls-shrinkwrap -deadargelim -slp-vectorizer -loop-sink -reassociate -guard-widening -globalopt -loop-sink -infer-address-spaces -globalopt -simplifycfg -slsr -called-value-propagation -inline -reassociate -newgvn -prune-eh -sancov -mldst-motion -early-cse-memssa -insert-gcov-profiling -ipsccp input.bc -o output.bc
benchmark://cBench-v0/tiff2rgba,1.1215058705553005,3965.838207960129,opt -loop-predication -licm -constprop -rewrite-statepoints-for-gc -consthoist -libcalls-shrinkwrap -instnamer -aggressive-instcombine -break-crit-edges -mergereturn -float2int -loop-unroll-and-jam -coro-elide -instsimplify -mergereturn -load-store-vectorizer -hotcoldsplit -rpo-functionattrs -constprop -alignment-from-assumptions -called-value-propagation -float2int -rewrite-symbols -lcssa -slp-vectorizer -canonicalize-aliases -lower-constant-intrinsics -structurizecfg -canonicalize-aliases -strip-nondebug -extract-blocks -loop-extract-single -post-inline-ee-instrument -inferattrs -loop-idiom -loop-simplifycfg -irce -aggressive-instcombine -loop-distribute -extract-blocks -loop-distribute -ipsccp -loop-unroll-and-jam -lowerinvoke -instsimplify -consthoist -nary-reassociate -name-anon-globals -loop-reduce -loop-data-prefetch -strip-nondebug -die -speculative-execution -instsimplify -cross-dso-cfi -globalsplit -instnamer -irce -speculative-execution -extract-blocks -loop-reroll -dse -libcalls-shrinkwrap -lcssa -licm -globaldce -partial-inliner -loop-versioning -functionattrs -jump-threading -callsite-splitting -reassociate -irce -strip-dead-prototypes -lower-guard-intrinsic -simple-loop-unswitch -bdce -sroa -loop-idiom -gvn-hoist -memcpyopt -lower-matrix-intrinsics -lower-matrix-intrinsics -adce -reg2mem -tailcallelim -objc-arc-expand -loop-simplify -irce -lowerinvoke -lower-widenable-condition -die -newgvn -globalsplit -rpo-functionattrs -mldst-motion -aggressive-instcombine -early-cse-memssa -constmerge -sroa -pgo-memop-opt -redundant-dbg-inst-elim -newgvn -loop-idiom -instcombine -loop-deletion -loop-versioning-licm -aggressive-instcombine -pgo-memop-opt -rpo-functionattrs -rpo-functionattrs -loop-versioning -name-anon-globals -coro-early -callsite-splitting -alignment-from-assumptions -lowerswitch -instsimplify -scalarizer -simplifycfg input.bc -o output.bc
benchmark://cBench-v0/tiffdither,1.1122043123299141,3901.791330575943,opt -redundant-dbg-inst-elim -loop-extract-single -objc-arc-apelim -objc-arc-expand -globalopt -bounds-checking -lcssa -rpo-functionattrs -simple-loop-unswitch -globalopt -objc-arc -structurizecfg -ipconstprop -lcssa -loop-unroll -loop-guard-widening -flattencfg -mem2reg -gvn-hoist -strip-debug-declare -loop-reduce -infer-address-spaces -lcssa -objc-arc -break-crit-edges -jump-threading -licm -extract-blocks -loop-unroll -mergereturn -objc-arc-expand -cross-dso-cfi -lower-guard-intrinsic -globaldce -elim-avail-extern -instsimplify -infer-address-spaces -slp-vectorizer -structurizecfg -div-rem-pairs -objc-arc-apelim -loop-guard-widening -lower-matrix-intrinsics -loop-interchange -separate-const-offset-from-gep -float2int -globalsplit -correlated-propagation -slp-vectorizer -loop-unroll-and-jam -inject-tli-mappings -lower-guard-intrinsic -dse -functionattrs -infer-address-spaces -structurizecfg -infer-address-spaces -sccp -coro-early -infer-address-spaces -globalsplit -loop-idiom -lower-matrix-intrinsics -flattencfg -ee-instrument -alignment-from-assumptions -separate-const-offset-from-gep -extract-blocks -coro-early -loop-deletion -newgvn -break-crit-edges -jump-threading -reg2mem -mem2reg -memcpyopt -argpromotion -hotcoldsplit -bdce -slp-vectorizer -lower-matrix-intrinsics -slp-vectorizer -objc-arc-expand -loop-interchange -dse -forceattrs -die -instcombine -loop-extract-single -slp-vectorizer -pgo-memop-opt -rewrite-symbols -loop-interchange -lowerswitch -mergefunc -objc-arc -callsite-splitting -loop-distribute -lcssa -adce -loop-instsimplify -always-inline -rpo-functionattrs -loop-simplify -rpo-functionattrs -loop-interchange -strip-debug-declare -hotcoldsplit -lcssa -mem2reg -objc-arc-apelim -strip-dead-prototypes -strip-nondebug -objc-arc-apelim -guard-widening -jump-threading -loop-guard-widening -globalopt -lower-guard-intrinsic -strip -globalopt -lcssa -speculative-execution -coro-cleanup -lower-guard-intrinsic -instcombine -strip-dead-prototypes -alignment-from-assumptions -slsr -lower-widenable-condition -early-cse-memssa -loop-reroll -div-rem-pairs -post-inline-ee-instrument -objc-arc-contract -loop-unroll -adce -dse -separate-const-offset-from-gep -load-store-vectorizer -simplifycfg -inferattrs -constprop -inject-tli-mappings -coro-early -slsr -flattencfg -div-rem-pairs -ipsccp -loop-idiom -correlated-propagation -insert-gcov-profiling -irce -infer-address-spaces -licm -gvn-hoist -lowerinvoke -loop-interchange -early-cse-memssa input.bc -o output.bc
benchmark://cBench-v0/tiffmedian,1.1029902974391608,3983.1721489429474,opt -loop-data-prefetch -lower-expect -mem2reg -irce -coro-early -cross-dso-cfi -adce -coro-cleanup -objc-arc-expand -die -simple-loop-unswitch -speculative-execution -loop-instsimplify -indvars -lcssa -constmerge -lower-expect -loweratomic -strip-debug-declare -loop-load-elim -aggressive-instcombine -constprop -mergefunc -structurizecfg -mergefunc -sancov -irce -div-rem-pairs -called-value-propagation -mergereturn -consthoist -lower-constant-intrinsics -bdce -globalsplit -gvn-hoist -globalsplit -globaldce -correlated-propagation -called-value-propagation -strip -hotcoldsplit -redundant-dbg-inst-elim -deadargelim -scalarizer -nary-reassociate -correlated-propagation -guard-widening -mldst-motion -dce -early-cse-memssa -infer-address-spaces -aggressive-instcombine -adce -globalsplit -redundant-dbg-inst-elim -lowerinvoke -loop-simplifycfg -aggressive-instcombine -inject-tli-mappings -libcalls-shrinkwrap -flattencfg -reg2mem -strip-nondebug -loop-guard-widening -float2int -globaldce -sroa -loop-rotate -loop-vectorize -mem2reg -memcpyopt -die -objc-arc-apelim -jump-threading -nary-reassociate -reassociate -ipconstprop -bdce -ipsccp -dce -instsimplify -cross-dso-cfi -indvars -instcombine -nary-reassociate -alignment-from-assumptions -loop-idiom -instcombine -lower-expect -loop-simplifycfg -flattencfg -loop-fusion -inject-tli-mappings -lower-expect -rewrite-symbols -irce -mergefunc -jump-threading -newgvn -globaldce -simple-loop-unswitch -coro-cleanup -simplifycfg -reassociate input.bc -o output.bc
